number,film,Character link
1,Toy Story,https://upload.wikimedia.org/wikipedia/en/0/01/Sheriff_Woody.png
2,A Bug's Life,https://static.wikia.nocookie.net/a-bugs-life/images/7/77/Flik_Character_Model.png/revision/latest?cb=20151226224121
3,Toy Story 2,https://upload.wikimedia.org/wikipedia/en/0/01/Sheriff_Woody.png
4,"Monsters, Inc.",https://upload.wikimedia.org/wikipedia/en/6/6a/Mike_Wazowski.png
5,Finding Nemo,https://static.tvtropes.org/pmwiki/pub/images/marlin_transparent.png
6,The Incredibles,https://upload.wikimedia.org/wikipedia/en/2/22/Mr._Incredible.png
7,Cars,https://static.wikia.nocookie.net/great-characters/images/8/82/Lightning_McQueen.png/revision/latest/thumbnail/width/360/height/360?cb=20180608004705
8,Ratatouille,https://static.wikia.nocookie.net/heroes-of-the-characters/images/1/12/Linguini1transparent.png/revision/latest?cb=20200305084255
9,WALL-E,https://upload.wikimedia.org/wikipedia/en/6/68/WALL-E_%28character%29.png
10,Up,https://e1.pngegg.com/pngimages/707/836/png-clipart-up-movie-russell-from-up-thumbnail.png
11,Toy Story 3,https://upload.wikimedia.org/wikipedia/en/0/01/Sheriff_Woody.png
12,Cars 2,https://static.wikia.nocookie.net/great-characters/images/8/82/Lightning_McQueen.png/revision/latest/thumbnail/width/360/height/360?cb=20180608004705
13,Brave,https://upload.wikimedia.org/wikipedia/en/e/e8/Merida_disney.png
14,Monsters University,https://upload.wikimedia.org/wikipedia/en/6/6a/Mike_Wazowski.png
15,Inside Out,https://upload.wikimedia.org/wikipedia/en/thumb/3/30/Joy_-_Inside_Out.webp/210px-Joy_-_Inside_Out.webp.png
16,The Good Dinosaur,https://i0.wp.com/pixarpost.com/wp-content/uploads/2020/10/6c996-the2bgood2bdinosaur.png?resize=782%2C768&ssl=1
17,Finding Dory,https://upload.wikimedia.org/wikipedia/en/a/ae/Dory_%28Finding_Nemo%29.png
18,Cars 3,https://static.wikia.nocookie.net/great-characters/images/8/82/Lightning_McQueen.png/revision/latest/thumbnail/width/360/height/360?cb=20180608004705
19,Coco,https://kh.wiki.gallery/images/9/9a/Miguel_KHUX.png
20,Incredibles 2,https://upload.wikimedia.org/wikipedia/en/2/22/Mr._Incredible.png
21,Toy Story 4,https://upload.wikimedia.org/wikipedia/en/0/01/Sheriff_Woody.png
22,Onward,https://static.wikia.nocookie.net/p__/images/b/b9/Ian_Lightfoot_Render.png/revision/latest?cb=20200225003436&path-prefix=protagonist
23,Soul,"https://images-wixmp-ed30a86b8c4ca887773594c2.wixmp.com/f/846a9086-8a40-43e0-aa10-2fc7d6d73730/deb3o7c-7ab0c7da-6e06-419c-ab35-fa4a8469f9a5.png/v1/fill/w_1280,h_2093/disney_pixar_s_soul_joe_gardner_png__by_mintmovi3_deb3o7c-fullview.png?token=eyJ0eXAiOiJKV1QiLCJhbGciOiJIUzI1NiJ9.eyJzdWIiOiJ1cm46YXBwOjdlMGQxODg5ODIyNjQzNzNhNWYwZDQxNWVhMGQyNmUwIiwiaXNzIjoidXJuOmFwcDo3ZTBkMTg4OTgyMjY0MzczYTVmMGQ0MTVlYTBkMjZlMCIsIm9iaiI6W1t7ImhlaWdodCI6Ijw9MjA5MyIsInBhdGgiOiJcL2ZcLzg0NmE5MDg2LThhNDAtNDNlMC1hYTEwLTJmYzdkNmQ3MzczMFwvZGViM283Yy03YWIwYzdkYS02ZTA2LTQxOWMtYWIzNS1mYTRhODQ2OWY5YTUucG5nIiwid2lkdGgiOiI8PTEyODAifV1dLCJhdWQiOlsidXJuOnNlcnZpY2U6aW1hZ2Uub3BlcmF0aW9ucyJdfQ.OuNSi6LsCGPtXZ7SkokYMFXzeFn0xbFV6c6xUJ_XYB8"
24,Luca,https://static.wikia.nocookie.net/luca-pixar/images/0/0f/LucaPaguroTranparent.png/revision/latest/scale-to-width-down/1200?cb=20210723131533
25,Turning Red,https://static.wikia.nocookie.net/pixar/images/5/53/Mei_Lee.png/revision/latest?cb=20250320114359
26,Lightyear,https://static.wikia.nocookie.net/pixar/images/2/22/Lightyear_-_Buzz_Lightyear_keyart.png/revision/latest?cb=20220511195306
27,Elemental,https://static.wikia.nocookie.net/elemental6130/images/3/3a/Elemental-ember.png/revision/latest?cb=20231230233034
28,Inside Out 2,https://upload.wikimedia.org/wikipedia/en/thumb/3/30/Joy_-_Inside_Out.webp/210px-Joy_-_Inside_Out.webp.png
